ID,ano,Processo,Objetivo,Risco,Recursos,Responsável Processo,Responsável Monitorização,Nome do Indicador,Fórmula de Controlo,Frequência de Análise,Un.,Goal,Meta,Real,controlo,Jan,Fev,Mar,Abr,Mai,Jun,Jul,Ago,Set,Out,Nov,Dez
A1,2024,Gestão de Negócio,Sustentabilidade Financeira da Empresa,Incumprimento poderá colocar a empresa em risco,"Ferramenta online
 2 RH
 Contactos",Tony Ventura,Samuel Póvoa,Satisfação do cliente - IOT,Inquérito IOT (ratings global),Semestral,%,≥,80%,86%,OK,,,,,,"86,20%",,,,,,
A1,2025,Gestão de Negócio,Sustentabilidade Financeira da Empresa,Incumprimento poderá colocar a empresa em risco,"Ferramenta online
 2 RH
 Contactos",Tony Ventura,Samuel Póvoa,Satisfação do cliente - IOT,Inquérito IOT (ratings global),Semestral (10MWS),%,≥,80%,"80,6%",OK,,,,,,,"80,60%",,,,,
A1,2026,Gestão de Negócio,Sustentabilidade Financeira da Empresa,Incumprimento poderá colocar a empresa em risco,"Ferramenta online
 2 RH
 Contactos",Tony Ventura,Samuel Póvoa,Satisfação do cliente - IOT,Inquérito IOT (ratings global),Semestral (10MWS),%,≥,80%,,,,,,,,,,,,,,
A1,2027,Gestão de Negócio,Sustentabilidade Financeira da Empresa,Incumprimento poderá colocar a empresa em risco,"Ferramenta online
 2 RH
 Contactos",Tony Ventura,Samuel Póvoa,Satisfação do cliente - IOT,Inquérito IOT (ratings global),Semestral (10MWS),%,≥,80%,,,,,,,,,,,,,,
A1,2028,Gestão de Negócio,Sustentabilidade Financeira da Empresa,Incumprimento poderá colocar a empresa em risco,"Ferramenta online
 2 RH
 Contactos",Tony Ventura,Samuel Póvoa,Satisfação do cliente - IOT,Inquérito IOT (ratings global),Semestral (10MWS),%,≥,80%,,,,,,,,,,,,,,
A1,2029,Gestão de Negócio,Sustentabilidade Financeira da Empresa,Incumprimento poderá colocar a empresa em risco,"Ferramenta online
 2 RH
 Contactos",Tony Ventura,Samuel Póvoa,Satisfação do cliente - IOT,Inquérito IOT (ratings global),Semestral (10MWS),%,≥,80%,,,,,,,,,,,,,,
A2,2014,Gestão de Negócio,Sustentabilidade Financeira da Empresa,Incumprimento poderá colocar a empresa em risco,"RH
Programa PHC",Tony Ventura,Lúcio Mota,EBITDA,Análise Contabilística,Mensal,%,≥,30%,,,,,,,,,,,,,,
A2,2015,Gestão de Negócio,Sustentabilidade Financeira da Empresa,Incumprimento poderá colocar a empresa em risco,"RH
Programa PHC",Tony Ventura,Lúcio Mota,EBITDA,Análise Contabilística,Mensal,%,≥,30%,,,,,,,,,,,,,,
A2,2016,Gestão de Negócio,Sustentabilidade Financeira da Empresa,Incumprimento poderá colocar a empresa em risco,"RH
Programa PHC",Tony Ventura,Lúcio Mota,EBITDA,Análise Contabilística,Mensal,%,≥,30%,,"19,59%",,,,,,,,,,,,
A2,2017,Gestão de Negócio,Sustentabilidade Financeira da Empresa,Incumprimento poderá colocar a empresa em risco,"RH
Programa PHC",Tony Ventura,Lúcio Mota,EBITDA,Análise Contabilística,Mensal,%,≥,30%,,"35,19%",,,,,,,,,,,,
A2,2018,Gestão de Negócio,Sustentabilidade Financeira da Empresa,Incumprimento poderá colocar a empresa em risco,"RH
Programa PHC",Tony Ventura,Lúcio Mota,EBITDA,Análise Contabilística,Mensal,%,≥,30%,,"30,03%",,,,,,,,,,,,
A2,2019,Gestão de Negócio,Sustentabilidade Financeira da Empresa,Incumprimento poderá colocar a empresa em risco,"RH
Programa PHC",Tony Ventura,Lúcio Mota,EBITDA,Análise Contabilística,Mensal,%,≥,30%,,"37,70%",,,,,,,,,,,,
A2,2020,Gestão de Negócio,Sustentabilidade Financeira da Empresa,Incumprimento poderá colocar a empresa em risco,"RH
Programa PHC",Tony Ventura,Lúcio Mota,EBITDA,Análise Contabilística,Mensal,%,≥,30%,,"-20,20%",,,,,,,,,,,,
A2,2021,Gestão de Negócio,Sustentabilidade Financeira da Empresa,Incumprimento poderá colocar a empresa em risco,"RH
Programa PHC",Tony Ventura,Lúcio Mota,EBITDA,Análise Contabilística,Mensal,%,≥,30%,,"27,10%",,,,,,,,,,,,
A2,2022,Gestão de Negócio,Sustentabilidade Financeira da Empresa,Incumprimento poderá colocar a empresa em risco,"RH
Programa PHC",Tony Ventura,Lúcio Mota,EBITDA,Análise Contabilística,Mensal,%,≥,30%,,"22,22%","15,33%","15,33%","26,00%","19,08%","22,44%","25,15%","23,31%","20,61%","23,92%","24,71%","25,31%","25,42%"
A2,2023,Gestão de Negócio,Sustentabilidade Financeira da Empresa,Incumprimento poderá colocar a empresa em risco,"RH
Programa PHC",Tony Ventura,Lúcio Mota,EBITDA,Análise Contabilística,Mensal,%,≥,30%,,"24,14%","28,34%","28,34%","25,01%","28,82%","25,76%","19,99%","19,91%","16,96%",,,,
A2,2024,Gestão de Negócio,Sustentabilidade Financeira da Empresa,Incumprimento poderá colocar a empresa em risco,"RH
Programa PHC",Tony Ventura,Lúcio Mota,EBITDA,Análise Contabilística,Mensal,%,≥,33%,"37,8%",OK,"37,28%","43,02%","37,53%","38,27%","38,49%","39,44%","36,75%","36,98%","38,60%","35,83%","36,04%","35,65%"
A3,2024,Gestão de Negócio,Sustentabilidade Financeira da Empresa,Incumprimento poderá colocar a empresa em risco,"RH
Programa PHC",Tony Ventura,Lúcio Mota,VOLUME DE NEGÓCIOS,Análise Contabilística,Anual,€,≥,9 000 000 €,11 811 766 €,OK,,,,,,,,,,,,"11 811 765,79 €"
A3,2025,Gestão de Negócio,Sustentabilidade Financeira da Empresa,Incumprimento poderá colocar a empresa em risco,"RH
Programa PHC",Tony Ventura,Lúcio Mota,VOLUME DE NEGÓCIOS,Análise Contabilística,Anual,%,≥,10 614 105 €,11 724 256 €,OK,,,,,,,,,,,,11 724 256 €
A3,2026,Gestão de Negócio,Sustentabilidade Financeira da Empresa,Incumprimento poderá colocar a empresa em risco,"RH
Programa PHC",Tony Ventura,Lúcio Mota,VOLUME DE NEGÓCIOS,Análise Contabilística,Anual,%,≥,9,,,,,,,,,,,,,,
A3,2027,Gestão de Negócio,Sustentabilidade Financeira da Empresa,Incumprimento poderá colocar a empresa em risco,"RH
Programa PHC",Tony Ventura,Lúcio Mota,VOLUME DE NEGÓCIOS,Análise Contabilística,Anual,%,≥,9,,,,,,,,,,,,,,
A3,2028,Gestão de Negócio,Sustentabilidade Financeira da Empresa,Incumprimento poderá colocar a empresa em risco,"RH
Programa PHC",Tony Ventura,Lúcio Mota,VOLUME DE NEGÓCIOS,Análise Contabilística,Anual,%,≥,9,,,,,,,,,,,,,,
A3,2029,Gestão de Negócio,Sustentabilidade Financeira da Empresa,Incumprimento poderá colocar a empresa em risco,"RH
Programa PHC",Tony Ventura,Lúcio Mota,VOLUME DE NEGÓCIOS,Análise Contabilística,Anual,%,≥,9,,,,,,,,,,,,,,
A4,2024,Gestão de Negócio,Sustentabilidade Financeira da Empresa,Incumprimento poderá colocar a empresa em risco,"RH
Programa PHC",Tony Ventura,Lúcio Mota,MARGEM,Análise Contabilística,Anual,%,≥,70%,"72,22%",OK,,,,,,,,,,,,"72,22%"
A4,2025,Gestão de Negócio,Sustentabilidade Financeira da Empresa,Incumprimento poderá colocar a empresa em risco,"RH
Programa PHC",Tony Ventura,Lúcio Mota,MARGEM,Análise Contabilística,Anual,%,≥,70%,"72,95%",OK,,,,,,,,,,,,"72,95%"
A4,2026,Gestão de Negócio,Sustentabilidade Financeira da Empresa,Incumprimento poderá colocar a empresa em risco,"RH
Programa PHC",Tony Ventura,Lúcio Mota,MARGEM,Análise Contabilística,Anual,%,≥,70%,,,,,,,,,,,,,,
A4,2027,Gestão de Negócio,Sustentabilidade Financeira da Empresa,Incumprimento poderá colocar a empresa em risco,"RH
Programa PHC",Tony Ventura,Lúcio Mota,MARGEM,Análise Contabilística,Anual,%,≥,70%,,,,,,,,,,,,,,
A4,2028,Gestão de Negócio,Sustentabilidade Financeira da Empresa,Incumprimento poderá colocar a empresa em risco,"RH
Programa PHC",Tony Ventura,Lúcio Mota,MARGEM,Análise Contabilística,Anual,%,≥,70%,,,,,,,,,,,,,,
A4,2029,Gestão de Negócio,Sustentabilidade Financeira da Empresa,Incumprimento poderá colocar a empresa em risco,"RH
Programa PHC",Tony Ventura,Lúcio Mota,MARGEM,Análise Contabilística,Anual,%,≥,70%,,,,,,,,,,,,,,
B1,2025,Marketing,Sustentabilidade Financeira da Empresa,Incumprimento poderá colocar a empresa em risco,"RH 
Rec Financeiros 
Programa PHC",Tony Ventura,Mário Fragoso,N.º Novas Oportunidades de Negócio,80% de Valor Objetivo,Semestral,Qtd,≥,716,857,OK,,,,,,,857,,,,,
B1,2024,Marketing,Sustentabilidade Financeira da Empresa,Incumprimento poderá colocar a empresa em risco,"RH 
Rec Financeiros 
Programa PHC",Tony Ventura,Mário Fragoso,N.º Novas Oportunidades de Negócio,80% de Valor Objetivo,Semestral,Qtd,≥,716,,,,,,,,,,,,,,
B1,2026,Marketing,Sustentabilidade Financeira da Empresa,Incumprimento poderá colocar a empresa em risco,"RH 
Rec Financeiros 
Programa PHC",Tony Ventura,Mário Fragoso,N.º Novas Oportunidades de Negócio,80% de Valor Objetivo,Semestral,Qtd,≥,716,,,,,,,,,,,,,,
B1,2027,Marketing,Sustentabilidade Financeira da Empresa,Incumprimento poderá colocar a empresa em risco,"RH 
Rec Financeiros 
Programa PHC",Tony Ventura,Mário Fragoso,N.º Novas Oportunidades de Negócio,80% de Valor Objetivo,Semestral,Qtd,≥,716,,,,,,,,,,,,,,
B1,2028,Marketing,Sustentabilidade Financeira da Empresa,Incumprimento poderá colocar a empresa em risco,"RH 
Rec Financeiros 
Programa PHC",Tony Ventura,Mário Fragoso,N.º Novas Oportunidades de Negócio,80% de Valor Objetivo,Semestral,Qtd,≥,716,,,,,,,,,,,,,,
B1,2029,Marketing,Sustentabilidade Financeira da Empresa,Incumprimento poderá colocar a empresa em risco,"RH 
Rec Financeiros 
Programa PHC",Tony Ventura,Mário Fragoso,N.º Novas Oportunidades de Negócio,80% de Valor Objetivo,Semestral,Qtd,≥,716,,,,,,,,,,,,,,
B2,2024,Marketing,Sustentabilidade Financeira da Empresa,Incumprimento poderá colocar a empresa em risco,"RH 
Rec Financeiros 
Programa PHC",Tony Ventura,Mário Fragoso,N.º de Novas Propostas,80% de Valor Objetivo,Semestral,Qtd,≥,300,,,,,,,,,,,,,,
B2,2025,Marketing,Sustentabilidade Financeira da Empresa,Incumprimento poderá colocar a empresa em risco,"RH 
Rec Financeiros 
Programa PHC",Tony Ventura,Mário Fragoso,N.º de Novas Propostas,80% de Valor Objetivo,Semestral,Qtd,≥,300,357,OK,,,,,,,357,,,,,
B2,2026,Marketing,Sustentabilidade Financeira da Empresa,Incumprimento poderá colocar a empresa em risco,"RH 
Rec Financeiros 
Programa PHC",Tony Ventura,Mário Fragoso,N.º de Novas Propostas,80% de Valor Objetivo,Semestral,Qtd,≥,300,,,,,,,,,,,,,,
B2,2027,Marketing,Sustentabilidade Financeira da Empresa,Incumprimento poderá colocar a empresa em risco,"RH 
Rec Financeiros 
Programa PHC",Tony Ventura,Mário Fragoso,N.º de Novas Propostas,80% de Valor Objetivo,Semestral,Qtd,≥,300,,,,,,,,,,,,,,
B2,2028,Marketing,Sustentabilidade Financeira da Empresa,Incumprimento poderá colocar a empresa em risco,"RH 
Rec Financeiros 
Programa PHC",Tony Ventura,Mário Fragoso,N.º de Novas Propostas,80% de Valor Objetivo,Semestral,Qtd,≥,300,,,,,,,,,,,,,,
B2,2029,Marketing,Sustentabilidade Financeira da Empresa,Incumprimento poderá colocar a empresa em risco,"RH 
Rec Financeiros 
Programa PHC",Tony Ventura,Mário Fragoso,N.º de Novas Propostas,80% de Valor Objetivo,Semestral,Qtd,≥,300,,,,,,,,,,,,,,
B3,2024,Marketing,Sustentabilidade Financeira da Empresa,Incumprimento poderá colocar a empresa em risco,"RH 
Rec Financeiros 
Zendesk",Tony Ventura,Mário Fragoso,N.º Novas Máquinas Vendidas,N.º de Equipamentos MWS vendidos,Anual,Qtd,≥,120,,148,29,6,8,2,7,13,19,14,16,10,6,18
B3,2025,Marketing,Sustentabilidade Financeira da Empresa,Incumprimento poderá colocar a empresa em risco,"RH 
Rec Financeiros 
Zendesk",Tony Ventura,Mário Fragoso,N.º Novas Máquinas Vendidas,N.º de Equipamentos MWS vendidos,Anual,Qtd,≥,120,148,OK,,,,,,,148,,,,,
B3,2026,Marketing,Sustentabilidade Financeira da Empresa,Incumprimento poderá colocar a empresa em risco,Análise de Tempos,Tony Ventura,Mário Fragoso,N.º Novas Máquinas Vendidas,N.º de Equipamentos MWS vendidos,Anual,Qtd,≥,120,,,,,,,,,,,,,,
B3,2027,Marketing,Sustentabilidade Financeira da Empresa,Incumprimento poderá colocar a empresa em risco,Análise de Tempos,Tony Ventura,Mário Fragoso,N.º Novas Máquinas Vendidas,N.º de Equipamentos MWS vendidos,Anual,Qtd,≥,120,,,,,,,,,,,,,,
B3,2028,Marketing,Sustentabilidade Financeira da Empresa,Incumprimento poderá colocar a empresa em risco,Análise de Tempos,Tony Ventura,Mário Fragoso,N.º Novas Máquinas Vendidas,N.º de Equipamentos MWS vendidos,Anual,Qtd,≥,120,,,,,,,,,,,,,,
B3,2029,Marketing,Sustentabilidade Financeira da Empresa,Incumprimento poderá colocar a empresa em risco,Análise de Tempos,Tony Ventura,Mário Fragoso,N.º Novas Máquinas Vendidas,N.º de Equipamentos MWS vendidos,Anual,Qtd,≥,120,,,,,,,,,,,,,,
B4,2024,Marketing,Sustentabilidade Financeira da Empresa,Incumprimento poderá colocar a empresa em risco,Análise de Tempos,Tony Ventura,Mário Fragoso,Faturado,Análise Faturado Vs. Vendido,Mensal,€,"""=""","  999 996,00 € ",,"984 313,82 €","382 451,40 €","955 431,07 €","976 888,33 €","1 024 292,47 €","841 435,31 €","870 661,36 €","875 837,01 €","743 039,01 €","1 064 098,36 €","1 547 415,85 €","1 218 176,91 €","1 312 038,71 €"
B4,2024,Marketing,Sustentabilidade Financeira da Empresa,Incumprimento poderá colocar a empresa em risco,Análise de Tempos,Tony Ventura,Mário Fragoso,Vendido,Análise Faturado Vs. Vendido,Semestral,€,"""=""",-,,"1 006 097,16 €","1 999 917,62 €","  526 191,04 € ","  752 679,26 € ","  175 597,88 € ","  762 345,89 € ","  1 121 179,94 € ","  1 530 150,52 € ","  1 124 627,94 € ","  1 264 584,24 € ","  856 670,68 € ","  564 982,62 € ","  1 394 238,31 € "
B4,2025,Marketing,Sustentabilidade Financeira da Empresa,Incumprimento poderá colocar a empresa em risco,"RH 
Rec Financeiros 
Zendesk",Tony Ventura,Mário Fragoso,Faturado,Análise Faturado Vs. Vendido,Semestral,€,"""=""",,,,,,,,,,,,,,,
B4,2025,Marketing,Sustentabilidade Financeira da Empresa,Incumprimento poderá colocar a empresa em risco,"RH 
Rec Financeiros 
Zendesk",Tony Ventura,Mário Fragoso,Vendido,Análise Faturado Vs. Vendido,Semestral,€,"""=""",,,,,,,,,,,,,,,
B5,2024,Marketing,Sustentabilidade Financeira da Empresa,Incumprimento poderá colocar a empresa em risco,Análise de Tempos,Tony Ventura,Mário Fragoso,MKT digital,Organic Traffic (PT),Mensal,Qtd,≥,350,,378,458,570,450,338,345,180,293,359,363,387,382,407
B5,2025,Marketing,Sustentabilidade Financeira da Empresa,Incumprimento poderá colocar a empresa em risco,SEMRUSH,Tony Ventura,Mário Fragoso,MKT digital,Organic Traffic (PT),Mensal,Qtd,≥,350,,,408,433,434,432,429,441,439,424,429,,,
C1,2025,Gestão de Recursos,"Motivação, qualificação e satisfação dos colaboradores",Incumprimento não colocará em causa a empresa em risco,"RH
Recursos Financeiros",Joni Regalado,Joni Regalado,Eficácia das Formações,Formações Eficazes,Anual,%,≥,100%,"100,00%",OK,,,,,,,,,,,,"100,00%"
C1,2014,Gestão de Recursos,"Motivação, qualificação e satisfação dos colaboradores",Incumprimento não colocará em causa a empresa em risco,"RH
Recursos Financeiros",Joni Regalado,Joni Regalado,Eficácia das Formações,Formações Eficazes,Anual,%,≥,100%,,100%,,,,,,,,,,,,100%
C1,2015,Gestão de Recursos,"Motivação, qualificação e satisfação dos colaboradores",Incumprimento não colocará em causa a empresa em risco,"RH
Recursos Financeiros",Joni Regalado,Joni Regalado,Eficácia das Formações,Formações Eficazes,Anual,%,≥,100%,,100%,,,,,,,,,,,,100%
C1,2016,Gestão de Recursos,"Motivação, qualificação e satisfação dos colaboradores",Incumprimento não colocará em causa a empresa em risco,"RH
Recursos Financeiros",Joni Regalado,Joni Regalado,Eficácia das Formações,Formações Eficazes,Anual,%,≥,100%,,100%,,,,,,,,,,,,100%
C1,2017,Gestão de Recursos,"Motivação, qualificação e satisfação dos colaboradores",Incumprimento não colocará em causa a empresa em risco,"RH
Recursos Financeiros",Joni Regalado,Joni Regalado,Eficácia das Formações,Formações Eficazes,Anual,%,≥,100%,,100%,,,,,,,,,,,,100%
C1,2018,Gestão de Recursos,"Motivação, qualificação e satisfação dos colaboradores",Incumprimento não colocará em causa a empresa em risco,"RH
Recursos Financeiros",Joni Regalado,Joni Regalado,Eficácia das Formações,Formações Eficazes,Anual,%,≥,100%,,100%,,,,,,,,,,,,100%
C1,2019,Gestão de Recursos,"Motivação, qualificação e satisfação dos colaboradores",Incumprimento não colocará em causa a empresa em risco,"RH
Recursos Financeiros",Joni Regalado,Joni Regalado,Eficácia das Formações,Formações Eficazes,Anual,%,≥,100%,,100%,,,,,,,,,,,,100%
C1,2020,Gestão de Recursos,"Motivação, qualificação e satisfação dos colaboradores",Incumprimento não colocará em causa a empresa em risco,"RH
Recursos Financeiros",Joni Regalado,Joni Regalado,Eficácia das Formações,Formações Eficazes,Anual,%,≥,100%,,100%,,,,,,,,,,,,100%
C1,2021,Gestão de Recursos,"Motivação, qualificação e satisfação dos colaboradores",Incumprimento não colocará em causa a empresa em risco,"RH
Recursos Financeiros",Joni Regalado,Joni Regalado,Eficácia das Formações,Formações Eficazes,Anual,%,≥,100%,,100%,,,,,,,,,,,,100%
C1,2022,Gestão de Recursos,"Motivação, qualificação e satisfação dos colaboradores",Incumprimento não colocará em causa a empresa em risco,"RH
Recursos Financeiros",Joni Regalado,Joni Regalado,Eficácia das Formações,Formações Eficazes,Anual,%,≥,100%,,100%,,,,,,,,,,,,100%
C1,2023,Gestão de Recursos,"Motivação, qualificação e satisfação dos colaboradores",Incumprimento não colocará em causa a empresa em risco,"RH
Recursos Financeiros",Joni Regalado,Joni Regalado,Eficácia das Formações,Formações Eficazes,Anual,%,≥,100%,,100%,,,,,,,,,,,,100%
C1,2024,Gestão de Recursos,"Motivação, qualificação e satisfação dos colaboradores",Incumprimento não colocará em causa a empresa em risco,"RH
Recursos Financeiros",Joni Regalado,Joni Regalado,Eficácia das Formações,Formações Eficazes,Anual,%,≥,100%,,100%,,,,,,,,,,,,"100,00%"
C1,2026,Gestão de Recursos,"Motivação, qualificação e satisfação dos colaboradores",Incumprimento não colocará em causa a empresa em risco,"RH
Recursos Financeiros",Joni Regalado,Joni Regalado,Eficácia das Formações,Formações Eficazes,Anual,%,≥,100%,,,,,,,,,,,,,,
C1,2027,Gestão de Recursos,"Motivação, qualificação e satisfação dos colaboradores",Incumprimento não colocará em causa a empresa em risco,"RH
Recursos Financeiros",Joni Regalado,Joni Regalado,Eficácia das Formações,Formações Eficazes,Anual,%,≥,100%,,,,,,,,,,,,,,
C1,2028,Gestão de Recursos,"Motivação, qualificação e satisfação dos colaboradores",Incumprimento não colocará em causa a empresa em risco,"RH
Recursos Financeiros",Joni Regalado,Joni Regalado,Eficácia das Formações,Formações Eficazes,Anual,%,≥,100%,,,,,,,,,,,,,,
C1,2029,Gestão de Recursos,"Motivação, qualificação e satisfação dos colaboradores",Incumprimento não colocará em causa a empresa em risco,"RH
Recursos Financeiros",Joni Regalado,Joni Regalado,Eficácia das Formações,Formações Eficazes,Anual,%,≥,100%,,,,,,,,,,,,,,
C2,2023,Gestão de Recursos,"Motivação, qualificação e satisfação dos colaboradores",Incumprimento não colocará em causa a empresa em risco,"RH
Recursos Financeiros",Joni Regalado,Joni Regalado,Índice de Rotatividade,Nº Demissões / Nº Funcionários Ativos,Anual,un.,≤,1,,0,,,,,,,,,,,,0%
C2,2024,Gestão de Recursos,"Motivação, qualificação e satisfação dos colaboradores",Incumprimento não colocará em causa a empresa em risco,"RH
Recursos Financeiros",Joni Regalado,Joni Regalado,Índice de Rotatividade,Nº Demissões / Nº Funcionários Ativos,Anual,un.,≤,1,,0,,,,,,,,,,,,0
C2,2025,Gestão de Recursos,"Motivação, qualificação e satisfação dos colaboradores",Incumprimento não colocará em causa a empresa em risco,"RH
Recursos Financeiros",Joni Regalado,Joni Regalado,Índice de Rotatividade,Nº Demissões / Nº Funcionários Ativos,Anual,un.,≤,1,1,OK,,,,,,,1,,,,,
C2,2026,Gestão de Recursos,"Motivação, qualificação e satisfação dos colaboradores",Incumprimento não colocará em causa a empresa em risco,"RH
Recursos Financeiros",Joni Regalado,Joni Regalado,Índice de Rotatividade,Nº Demissões / Nº Funcionários Ativos,Anual,un.,≤,1,,,,,,,,,,,,,,
C2,2027,Gestão de Recursos,"Motivação, qualificação e satisfação dos colaboradores",Incumprimento não colocará em causa a empresa em risco,"RH
Recursos Financeiros",Joni Regalado,Joni Regalado,Índice de Rotatividade,Nº Demissões / Nº Funcionários Ativos,Anual,un.,≤,1,,,,,,,,,,,,,,
C2,2028,Gestão de Recursos,"Motivação, qualificação e satisfação dos colaboradores",Incumprimento não colocará em causa a empresa em risco,"RH
Recursos Financeiros",Joni Regalado,Joni Regalado,Índice de Rotatividade,Nº Demissões / Nº Funcionários Ativos,Anual,%,≤,1%,,,,,,,,,,,,,,
C2,2029,Gestão de Recursos,"Motivação, qualificação e satisfação dos colaboradores",Incumprimento não colocará em causa a empresa em risco,"RH
Recursos Financeiros",Joni Regalado,Joni Regalado,Índice de Rotatividade,Nº Demissões / Nº Funcionários Ativos,Anual,%,≤,1%,,,,,,,,,,,,,,
D1,2024,Gestão de Compras,Melhoria Contínua do Processo de Subcontratação e Compras,Incumprimento poderá colocar a empresa em risco,"RH
Ocorrências",Paulo Brioso,Paulo Brioso,Nível de Entregas - Prazo,Análise Prazos de Entrega,Anual,%,≥,80%,,"97,47%",,,,,,,,,,,,"97,47%"
D1,2025,Gestão de Compras,Melhoria Contínua do Processo de Subcontratação e Compras,Incumprimento poderá colocar a empresa em risco,"RH
Ocorrências",Paulo Brioso,Paulo Brioso,Nível de Entregas - Prazo,Análise Prazos de Entrega,Semestral,%,≥,80%,"87,50%",OK,,,,,,"87,50%",,,,,,"87,50%"
D1,2026,Gestão de Compras,Melhoria Contínua do Processo de Subcontratação e Compras,Incumprimento poderá colocar a empresa em risco,"RH
Ocorrências",Paulo Brioso,Paulo Brioso,Nível de Entregas - Prazo,Análise Prazos de Entrega,Semestral,%,≥,80%,,,,,,,,,,,,,,
D1,2027,Gestão de Compras,Melhoria Contínua do Processo de Subcontratação e Compras,Incumprimento poderá colocar a empresa em risco,"RH
Ocorrências",Paulo Brioso,Paulo Brioso,Nível de Entregas - Prazo,Análise Prazos de Entrega,Semestral,%,≥,80%,,,,,,,,,,,,,,
D1,2028,Gestão de Compras,Melhoria Contínua do Processo de Subcontratação e Compras,Incumprimento poderá colocar a empresa em risco,"RH
Ocorrências",Paulo Brioso,Paulo Brioso,Nível de Entregas - Prazo,Análise Prazos de Entrega,Semestral,%,≥,80%,,,,,,,,,,,,,,
D1,2029,Gestão de Compras,Melhoria Contínua do Processo de Subcontratação e Compras,Incumprimento poderá colocar a empresa em risco,"RH
Ocorrências",Paulo Brioso,Paulo Brioso,Nível de Entregas - Prazo,Análise Prazos de Entrega,Semestral,%,≥,80%,,,,,,,,,,,,,,
D2,2024,Gestão de Compras,Melhoria Contínua do Processo de Subcontratação e Compras,Incumprimento poderá colocar a empresa em risco,"RH
Ocorrências",Paulo Brioso,Paulo Brioso,Nível de Entregas - Qualidade,Análise Qualidade de Produto adquirido,Anual,%,≥,80%,"94,94%",OK,,,,,,,,,,,,"94,94%"
D2,2025,Gestão de Compras,Melhoria Contínua do Processo de Subcontratação e Compras,Incumprimento poderá colocar a empresa em risco,"RH
Ocorrências",Paulo Brioso,Paulo Brioso,Nível de Entregas - Qualidade,Análise Qualidade de Produto adquirido,Semestral,%,≥,80%,"83,33%",OK,,,,,,"83,33%",,,,,,"83,33%"
D2,2026,Gestão de Compras,Melhoria Contínua do Processo de Subcontratação e Compras,Incumprimento poderá colocar a empresa em risco,"RH
Ocorrências",Paulo Brioso,Paulo Brioso,Nível de Entregas - Qualidade,Análise Qualidade de Produto adquirido,Semestral,%,≥,80%,,,,,,,,,,,,,,
D2,2027,Gestão de Compras,Melhoria Contínua do Processo de Subcontratação e Compras,Incumprimento poderá colocar a empresa em risco,"RH
Ocorrências",Paulo Brioso,Paulo Brioso,Nível de Entregas - Qualidade,Análise Qualidade de Produto adquirido,Semestral,%,≥,80%,,,,,,,,,,,,,,
D2,2028,Gestão de Compras,Melhoria Contínua do Processo de Subcontratação e Compras,Incumprimento poderá colocar a empresa em risco,"RH
Ocorrências",Paulo Brioso,Paulo Brioso,Nível de Entregas - Qualidade,Análise Qualidade de Produto adquirido,Semestral,%,≥,80%,,,,,,,,,,,,,,
D2,2029,Gestão de Compras,Melhoria Contínua do Processo de Subcontratação e Compras,Incumprimento poderá colocar a empresa em risco,"RH
Ocorrências",Paulo Brioso,Paulo Brioso,Nível de Entregas - Qualidade,Análise Qualidade de Produto adquirido,Semestral,%,≥,80%,,,,,,,,,,,,,,
E1,2014,Engenharia,Melhoria Contínua do Processo de Desenvolvimento e Investigação,Incumprimento poderá colocar a empresa em risco,Documento Candidatura SIFIDE,Joni Regalado,Joni Regalado,Projetos SIFIDE - Apoio Despesas,% Valor Global de Projeto atribuído face ao ano anterior (pessoal + despesas de funcionamento),Anual,€,≥,"1,5%",,"1,58%",,,,,,,,,,,,"1,58%"
E1,2015,Engenharia,Melhoria Contínua do Processo de Desenvolvimento e Investigação,Incumprimento poderá colocar a empresa em risco,Documento Candidatura SIFIDE,Joni Regalado,Joni Regalado,Projetos SIFIDE - Apoio Despesas,% Valor Global de Projeto atribuído face ao ano anterior (pessoal + despesas de funcionamento),Anual,€,≥,"1,5%",,"1,80%",,,,,,,,,,,,"1,80%"
E1,2016,Engenharia,Melhoria Contínua do Processo de Desenvolvimento e Investigação,Incumprimento poderá colocar a empresa em risco,Documento Candidatura SIFIDE,Joni Regalado,Joni Regalado,Projetos SIFIDE - Apoio Despesas,% Valor Global de Projeto atribuído face ao ano anterior (pessoal + despesas de funcionamento),Anual,€,≥,"1,5%",,"0,75%",,,,,,,,,,,,"0,75%"
E1,2017,Engenharia,Melhoria Contínua do Processo de Desenvolvimento e Investigação,Incumprimento poderá colocar a empresa em risco,Documento Candidatura SIFIDE,Joni Regalado,Joni Regalado,Projetos SIFIDE - Apoio Despesas,% Valor Global de Projeto atribuído face ao ano anterior (pessoal + despesas de funcionamento),Anual,€,≥,"1,5%",,"0,86%",,,,,,,,,,,,"0,86%"
E1,2018,Engenharia,Melhoria Contínua do Processo de Desenvolvimento e Investigação,Incumprimento poderá colocar a empresa em risco,Documento Candidatura SIFIDE,Joni Regalado,Joni Regalado,Projetos SIFIDE - Apoio Despesas,% Valor Global de Projeto atribuído face ao ano anterior (pessoal + despesas de funcionamento),Anual,€,≥,"1,5%",,"0,00%",,,,,,,,,,,,"0,00%"
E1,2019,Engenharia,Melhoria Contínua do Processo de Desenvolvimento e Investigação,Incumprimento poderá colocar a empresa em risco,Documento Candidatura SIFIDE,Joni Regalado,Joni Regalado,Projetos SIFIDE - Apoio Despesas,% Valor Global de Projeto atribuído face ao ano anterior (pessoal + despesas de funcionamento),Anual,€,≥,"1,5%",,"0,66%",,,,,,,,,,,,"0,66%"
E1,2020,Engenharia,Melhoria Contínua do Processo de Desenvolvimento e Investigação,Incumprimento poderá colocar a empresa em risco,Documento Candidatura SIFIDE,Joni Regalado,Joni Regalado,Projetos SIFIDE - Apoio Despesas,% Valor Global de Projeto atribuído face ao ano anterior (pessoal + despesas de funcionamento),Anual,€,≥,"12,0%",,,,,,,,,,,,,,
E1,2021,Engenharia,Melhoria Contínua do Processo de Desenvolvimento e Investigação,Incumprimento poderá colocar a empresa em risco,Documento Candidatura SIFIDE,Joni Regalado,Joni Regalado,Projetos SIFIDE - Apoio Despesas,% Valor Global de Projeto atribuído face ao ano anterior (pessoal + despesas de funcionamento),Anual,€,≥,"10,0%",,"11,89%",,,,,,,,,,,,"11,89%"
E1,2022,Engenharia,Melhoria Contínua do Processo de Desenvolvimento e Investigação,Incumprimento poderá colocar a empresa em risco,Documento Candidatura SIFIDE,Joni Regalado,Joni Regalado,Projetos SIFIDE - Apoio Despesas,% Valor Global de ID investido face ao ano anterior (pessoal + despesas de funcionamento),Anual,€,≥,"12,0%",,"20,91%",,,,,,,,,,,,"20,91%"
E1,2023,Engenharia,Melhoria Contínua do Processo de Desenvolvimento e Investigação,Incumprimento poderá colocar a empresa em risco,Documento Candidatura SIFIDE,Joni Regalado,Joni Regalado,Projetos SIFIDE - Apoio Despesas,% Valor Global de ID investido face ao ano anterior (pessoal + despesas de funcionamento),Anual,€,≥,"12,0%",,"27,67%",,,,,,,,,,,,"27,67%"
E1,2024,Engenharia,Melhoria Contínua do Processo de Desenvolvimento e Investigação,Incumprimento poderá colocar a empresa em risco,Documento Candidatura SIFIDE,Joni Regalado,Joni Regalado,Projetos SIFIDE - Apoio Despesas,% Valor Global de ID investido face ao ano anterior (pessoal + despesas de funcionamento),Anual,€,≥,"12,0%",,"3,42%",,,,,,,,,,,,"3,42%"
E1,2025,Engenharia,Melhoria Contínua do Processo de Desenvolvimento e Investigação,Incumprimento poderá colocar a empresa em risco,Documento Candidatura SIFIDE,Joni Regalado,Joni Regalado,Projetos SIFIDE - Apoio Despesas,% Valor Global de ID investido face ao ano anterior (pessoal + despesas de funcionamento),Anual,€,≥,12%,,,,,,,,,,,,,,
E1,2026,Engenharia,Melhoria Contínua do Processo de Desenvolvimento e Investigação,Incumprimento poderá colocar a empresa em risco,Documento Candidatura SIFIDE,Joni Regalado,Joni Regalado,Projetos SIFIDE - Apoio Despesas,% Valor Global de ID investido face ao ano anterior (pessoal + despesas de funcionamento),Anual,€,≥,12%,,,,,,,,,,,,,,
E1,2027,Engenharia,Melhoria Contínua do Processo de Desenvolvimento e Investigação,Incumprimento poderá colocar a empresa em risco,Documento Candidatura SIFIDE,Joni Regalado,Joni Regalado,Projetos SIFIDE - Apoio Despesas,% Valor Global de ID investido face ao ano anterior (pessoal + despesas de funcionamento),Anual,€,≥,12%,,,,,,,,,,,,,,
E1,2028,Engenharia,Melhoria Contínua do Processo de Desenvolvimento e Investigação,Incumprimento poderá colocar a empresa em risco,Documento Candidatura SIFIDE,Joni Regalado,Joni Regalado,Projetos SIFIDE - Apoio Despesas,% Valor Global de ID investido face ao ano anterior (pessoal + despesas de funcionamento),Anual,€,≥,12%,,,,,,,,,,,,,,
E1,2029,Engenharia,Melhoria Contínua do Processo de Desenvolvimento e Investigação,Incumprimento poderá colocar a empresa em risco,Documento Candidatura SIFIDE,Joni Regalado,Joni Regalado,Projetos SIFIDE - Apoio Despesas,% Valor Global de ID investido face ao ano anterior (pessoal + despesas de funcionamento),Anual,€,≥,12%,,,,,,,,,,,,,,
E2,2014,Engenharia,Melhoria Contínua do Processo de Desenvolvimento e Investigação,Incumprimento poderá colocar a empresa em risco,Documento Candidatura SIFIDE,Joni Regalado,Joni Regalado,Projetos SIFIDE - Vendas,Rácio Total Vendas Produto e Total Vendas Empresa,Anual,€,≥,75%,"77,00%",OK,,,,,,,,,,,,"77,00%"
E2,2015,Engenharia,Melhoria Contínua do Processo de Desenvolvimento e Investigação,Incumprimento poderá colocar a empresa em risco,Documento Candidatura SIFIDE,Joni Regalado,Joni Regalado,Projetos SIFIDE - Vendas,Rácio Total Vendas Produto e Total Vendas Empresa,Anual,€,≥,75%,"78,00%",OK,,,,,,,,,,,,"78,00%"
E2,2016,Engenharia,Melhoria Contínua do Processo de Desenvolvimento e Investigação,Incumprimento poderá colocar a empresa em risco,Documento Candidatura SIFIDE,Joni Regalado,Joni Regalado,Projetos SIFIDE - Vendas,% Valor Global de Projeto atribuído face ao ano anterior (pessoal + despesas de funcionamento),Anual,€,≥,75%,"73,00%",NOK,,,,,,,,,,,,"73,00%"
E2,2017,Engenharia,Melhoria Contínua do Processo de Desenvolvimento e Investigação,Incumprimento poderá colocar a empresa em risco,Documento Candidatura SIFIDE,Joni Regalado,Joni Regalado,Projetos SIFIDE - Vendas,% Valor Global de Projeto atribuído face ao ano anterior (pessoal + despesas de funcionamento),Anual,€,≥,75%,"78,00%",OK,,,,,,,,,,,,"78,00%"
E2,2018,Engenharia,Melhoria Contínua do Processo de Desenvolvimento e Investigação,Incumprimento poderá colocar a empresa em risco,Documento Candidatura SIFIDE,Joni Regalado,Joni Regalado,Projetos SIFIDE - Vendas,% Valor Global de Projeto atribuído face ao ano anterior (pessoal + despesas de funcionamento),Anual,€,≥,75%,"84,00%",OK,,,,,,,,,,,,"84,00%"
E2,2019,Engenharia,Melhoria Contínua do Processo de Desenvolvimento e Investigação,Incumprimento poderá colocar a empresa em risco,Documento Candidatura SIFIDE,Joni Regalado,Joni Regalado,Projetos SIFIDE - Vendas,% Valor Global de Projeto atribuído face ao ano anterior (pessoal + despesas de funcionamento),Anual,€,≥,75%,"84,00%",OK,,,,,,,,,,,,"84,00%"
E2,2020,Engenharia,Melhoria Contínua do Processo de Desenvolvimento e Investigação,Incumprimento poderá colocar a empresa em risco,Documento Candidatura SIFIDE,Joni Regalado,Joni Regalado,Projetos SIFIDE - Vendas,% Valor Global de Projeto atribuído face ao ano anterior (pessoal + despesas de funcionamento),Anual,€,≥,75%,"82,80%",OK,,,,,,,,,,,,"82,80%"
E2,2021,Engenharia,Melhoria Contínua do Processo de Desenvolvimento e Investigação,Incumprimento poderá colocar a empresa em risco,Documento Candidatura SIFIDE,Joni Regalado,Joni Regalado,Projetos SIFIDE - Vendas,% Valor Global de Projeto atribuído face ao ano anterior (pessoal + despesas de funcionamento),Anual,€,≥,75%,"79,84%",OK,,,,,,,,,,,,"79,84%"
E2,2022,Engenharia,Melhoria Contínua do Processo de Desenvolvimento e Investigação,Incumprimento poderá colocar a empresa em risco,Documento Candidatura SIFIDE,Joni Regalado,Joni Regalado,Projetos SIFIDE - Vendas,% Valor Global de produtos ID sobre Volume de Negócios,Anual,€,≥,75%,"78,97%",OK,,,,,,,,,,,,"78,97%"
E2,2023,Engenharia,Melhoria Contínua do Processo de Desenvolvimento e Investigação,Incumprimento poderá colocar a empresa em risco,Documento Candidatura SIFIDE,Joni Regalado,Joni Regalado,Projetos SIFIDE - Vendas,% Valor Global de produtos ID sobre Volume de Negócios,Anual,€,≥,75%,"79,71%",OK,,,,,,,,,,,,"79,71%"
E2,2024,Engenharia,Melhoria Contínua do Processo de Desenvolvimento e Investigação,Incumprimento poderá colocar a empresa em risco,Documento Candidatura SIFIDE,Joni Regalado,Joni Regalado,Projetos SIFIDE - Vendas,% Valor Global de produtos ID sobre Volume de Negócios,Anual,€,≥,75%,"82,34%",OK,,,,,,,,,,,,"82,34%"
E2,2025,Engenharia,Melhoria Contínua do Processo de Desenvolvimento e Investigação,Incumprimento poderá colocar a empresa em risco,Documento Candidatura SIFIDE,Joni Regalado,Joni Regalado,Projetos SIFIDE - Vendas,% Valor Global de produtos ID sobre Volume de Negócios,Anual,€,≥,75%,,,,,,,,,,,,,,
E2,2026,Engenharia,Melhoria Contínua do Processo de Desenvolvimento e Investigação,Incumprimento poderá colocar a empresa em risco,Documento Candidatura SIFIDE,Joni Regalado,Joni Regalado,Projetos SIFIDE - Vendas,% Valor Global de produtos ID sobre Volume de Negócios,Anual,€,≥,75%,,,,,,,,,,,,,,
E2,2027,Engenharia,Melhoria Contínua do Processo de Desenvolvimento e Investigação,Incumprimento poderá colocar a empresa em risco,Documento Candidatura SIFIDE,Joni Regalado,Joni Regalado,Projetos SIFIDE - Vendas,% Valor Global de produtos ID sobre Volume de Negócios,Anual,€,≥,75%,,,,,,,,,,,,,,
E2,2028,Engenharia,Melhoria Contínua do Processo de Desenvolvimento e Investigação,Incumprimento poderá colocar a empresa em risco,Documento Candidatura SIFIDE,Joni Regalado,Joni Regalado,Projetos SIFIDE - Vendas,% Valor Global de produtos ID sobre Volume de Negócios,Anual,€,≥,75%,,,,,,,,,,,,,,
E2,2029,Engenharia,Melhoria Contínua do Processo de Desenvolvimento e Investigação,Incumprimento poderá colocar a empresa em risco,Documento Candidatura SIFIDE,Joni Regalado,Joni Regalado,Projetos SIFIDE - Vendas,% Valor Global de produtos ID sobre Volume de Negócios,Anual,€,≥,75%,,,,,,,,,,,,,,
E3,2024,Engenharia,Melhoria Contínua do Processo de Desenvolvimento e Investigação,Incumprimento poderá colocar a empresa em risco,Análise de Tempos,Joni Regalado,Joni Regalado,Evolução Custo Médio por Modelo - MWS300,Rácio Custo Previsto por Custo Médio,Mensal,%,≤,15%,"2,46%",OK,"0,44%","1,97%","2,74%",,"5,79%","3,08%","1,66%","4,00%","1,53%","2,25%","1,83%","1,81%"
E3,2024,Engenharia,Melhoria Contínua do Processo de Desenvolvimento e Investigação,Incumprimento poderá colocar a empresa em risco,Análise de Tempos,Joni Regalado,Joni Regalado,Evolução Custo Médio por Modelo - MWS500,Rácio Custo Previsto por Custo Médio,Mensal,%,≤,15%,"4,13%",OK,"9,35%","9,05%","7,02%","5,06%","0,56%",,"0,91%","0,30%","5,86%",,"0,81%","2,39%"
E3,2024,Engenharia,Melhoria Contínua do Processo de Desenvolvimento e Investigação,Incumprimento poderá colocar a empresa em risco,Análise de Tempos,Joni Regalado,Joni Regalado,Evolução Custo Médio por Modelo - MWS700,Rácio Custo Previsto por Custo Médio,Mensal,%,≤,15%,"5,98%",OK,"22,38%","22,42%","-0,34%","-0,65%",,"4,33%","4,99%",,"4,26%",,"-4,05%","0,45%"
E3,2024,Engenharia,Melhoria Contínua do Processo de Desenvolvimento e Investigação,Incumprimento poderá colocar a empresa em risco,Análise de Tempos,Joni Regalado,Joni Regalado,Evolução Custo Médio por Modelo - MWS715,Rácio Custo Previsto por Custo Médio,Mensal,%,≤,15%,"-4,66%",OK,,,,,,"-2,99%",,,,,"-6,33%",
E3,2025,Engenharia,Melhoria Contínua do Processo de Desenvolvimento e Investigação,Incumprimento poderá colocar a empresa em risco,Análise de Tempos,Joni Regalado,Joni Regalado,Evolução Custo Médio por Modelo - MWS300,Rácio Custo Previsto por Custo Médio,Mensal,%,≤,15%,"-6,56%",OK,"6,46%","-43,54%","-38,09%","-45,57%","5,60%",,"5,65%","7,52%","5,87%","8,47%","7,13%","8,33%"
E3,2025,Engenharia,Melhoria Contínua do Processo de Desenvolvimento e Investigação,Incumprimento poderá colocar a empresa em risco,Análise de Tempos,Joni Regalado,Joni Regalado,Evolução Custo Médio por Modelo - MWS500,Rácio Custo Previsto por Custo Médio,Mensal,%,≤,15%,"-13,51%",OK,"2,96%","-65,92%","-54,18%","-29,37%","-19,99%","5,03%","4,25%",,"5,87%","7,84%",,"8,36%"
E4,2025,Engenharia,Melhoria Contínua do Processo de Desenvolvimento e Investigação,Incumprimento poderá colocar a empresa em risco,Análise de Tempos,Joni Regalado,Joni Regalado,Evolução Custo Médio por Modelo - MWS700,Rácio Custo Previsto por Custo Médio,Mensal,%,≤,15%,"-18,06%",OK,"0,25%","-29,18%","-88,06%","-83,77%","-2,64%","-2,69%",,"-1,45%","-0,47%","7,62%","1,75%","-0,03%"
E5,2025,Engenharia,Melhoria Contínua do Processo de Desenvolvimento e Investigação,Incumprimento poderá colocar a empresa em risco,Análise de Tempos,Joni Regalado,Joni Regalado,Evolução Custo Médio por Modelo - MWS715,Rácio Custo Previsto por Custo Médio,Mensal,%,≤,15%,"-8,53%",OK,"-2,61%","-43,53%","-1,08%","-1,56%",,"0,01%","-3,51%",,,"-7,41%",,
F1,2022,Gestão da Qualidade e Ambiente,Melhoria contínua do processo produtivo,Incumprimento não colocará em causa a empresa em risco,"RH
Programa PHC",Mário Fragoso,Mário Fragoso,N.º de RNC's,Contabilização,Semestral,Qtd,≤,50,82,NOK,,1,4,10,4,5,11,6,7,12,11,11
F1,2023,Gestão da Qualidade e Ambiente,Melhoria contínua do processo produtivo,Incumprimento não colocará em causa a empresa em risco,"RH
Programa PHC",Mário Fragoso,Mário Fragoso,N.º de RNC's,Contabilização,Semestral,Qtd,≤,50,74,NOK,12,6,8,3,8,2,2,3,6,7,15,2
F1,2024,Gestão da Qualidade e Ambiente,Melhoria contínua do processo produtivo,Incumprimento não colocará em causa a empresa em risco,"RH
Programa PHC",Mário Fragoso,Mário Fragoso,N.º de RNC's,Contabilização,Semestral,Qtd,≤,80,65,OK,,,,,,33,,,,,,32
F1,2025,Gestão da Qualidade e Ambiente,Melhoria contínua do processo produtivo,Incumprimento não colocará em causa a empresa em risco,"RH
Programa PHC",Mário Fragoso,Mário Fragoso,N.º de RNC's,Contabilização,Semestral,Qtd,≤,70,67,OK,2,6,9,11,11,4,4,5,0,4,5,6
F2,2023,Gestão da Qualidade e Ambiente,Melhoria contínua do processo produtivo,Incumprimento não colocará em causa a empresa em risco,"RH
Programa PHC",Mário Fragoso,Mário Fragoso,N.º de RNC's Vs. Σ Equipamentos Produzidos,Contabilização,Anual,%,≤,85%,"94,59%",NOK,,,,,,,,,,,,"94,59%"
F2,2024,Gestão da Qualidade e Ambiente,Melhoria contínua do processo produtivo,Incumprimento não colocará em causa a empresa em risco,"RH
Programa PHC",Mário Fragoso,Mário Fragoso,N.º de RNC's Vs. Σ Equipamentos Produzidos,Contabilização,Anual,%,≤,85%,"82,89%",OK,,,,,,,,,,,,"82,89%"
F2,2025,Gestão da Qualidade e Ambiente,Melhoria contínua do processo produtivo,Incumprimento não colocará em causa a empresa em risco,"RH
Programa PHC",Mário Fragoso,Mário Fragoso,N.º de RNC's Vs. Σ Equipamentos Produzidos,Contabilização,Anual,%,≤,85%,"52,14%",OK,,,,,,,,,,,,"52,14%"
F2,2026,Gestão da Qualidade e Ambiente,Melhoria contínua do processo produtivo,Incumprimento não colocará em causa a empresa em risco,"RH
Programa PHC",Mário Fragoso,Mário Fragoso,N.º de RNC's Vs. Σ Equipamentos Produzidos,Contabilização,Anual,%,≤,85%,"27,27%",OK,,,,,,,,,,,,"27,27%"
F2,2027,Gestão da Qualidade e Ambiente,Melhoria contínua do processo produtivo,Incumprimento não colocará em causa a empresa em risco,"RH
Programa PHC",Mário Fragoso,Mário Fragoso,N.º de RNC's Vs. Σ Equipamentos Produzidos,Contabilização,Anual,%,≤,85%,,,,,,,,,,,,,,
F2,2028,Gestão da Qualidade e Ambiente,Melhoria contínua do processo produtivo,Incumprimento não colocará em causa a empresa em risco,"RH
Programa PHC",Mário Fragoso,Mário Fragoso,N.º de RNC's Vs. Σ Equipamentos Produzidos,Contabilização,Anual,%,≤,85%,,,,,,,,,,,,,,
F2,2029,Gestão da Qualidade e Ambiente,Melhoria contínua do processo produtivo,Incumprimento não colocará em causa a empresa em risco,"RH
Programa PHC",Mário Fragoso,Mário Fragoso,N.º de RNC's Vs. Σ Equipamentos Produzidos,Contabilização,Anual,%,≤,85%,,,,,,,,,,,,,,
F2,2030,Gestão da Qualidade e Ambiente,Melhoria contínua do processo produtivo,Incumprimento não colocará em causa a empresa em risco,"RH
Programa PHC",Mário Fragoso,Mário Fragoso,N.º de RNC's Vs. Σ Equipamentos Produzidos,Contabilização,Anual,%,≤,85%,,,,,,,,,,,,,,
F2,2031,Gestão da Qualidade e Ambiente,Melhoria contínua do processo produtivo,Incumprimento não colocará em causa a empresa em risco,"RH
Programa PHC",Mário Fragoso,Mário Fragoso,N.º de RNC's Vs. Σ Equipamentos Produzidos,Contabilização,Anual,%,≤,85%,,,,,,,,,,,,,,
F3,2022,Gestão da Qualidade e Ambiente,Melhoria contínua do processo produtivo,Incumprimento não colocará em causa a empresa em risco,"RH
Programa PHC",Mário Fragoso,Mário Fragoso,N.º Máximo de RNC's em Aberto,Contabilização,Mensal,Qtd,≤,10,11,NOK,,1,1,7,4,2,10,9,11,10,10,2
F3,2023,Gestão da Qualidade e Ambiente,Melhoria contínua do processo produtivo,Incumprimento não colocará em causa a empresa em risco,"RH
Programa PHC",Mário Fragoso,Mário Fragoso,N.º Máximo de RNC's em Aberto,Contabilização,Mensal,Qtd,≤,10,10,OK,8,6,1,2,5,8,10,0,6,2,6,2
F3,2024,Gestão da Qualidade e Ambiente,Melhoria contínua do processo produtivo,Incumprimento não colocará em causa a empresa em risco,"RH
Programa PHC",Mário Fragoso,Mário Fragoso,N.º Máximo de RNC's em Aberto,Contabilização,Mensal,Qtd,≤,10,10,OK,2,4,3,8,6,10,9,9,4,3,2,3
F3,2025,Gestão da Qualidade e Ambiente,Melhoria contínua do processo produtivo,Incumprimento não colocará em causa a empresa em risco,"RH
Programa PHC",Mário Fragoso,Mário Fragoso,N.º Máximo de RNC's em Aberto,Contabilização,Mensal,Qtd,≤,10,6,OK,1,2,3,2,2,1,5,6,,,,
G1,2024,Pós Venda,Melhoria Contínua do Processo de Subcontratação e Assistência Técnica,Incumprimento poderá colocar a empresa em risco,"RH
Programa PHC",Tony Ventura,Carina Robaina,Satisfação do Cliente - IOT [Instalação],Valor Médio de Inquérito de Satisfação despoletado no equipamento após instalação de equipamento [despoletado após 100h],100h,%,≥,80%,90%,OK,,,,,,"89,60%",,,,,,
G1,2025,Pós Venda,Melhoria Contínua do Processo de Subcontratação e Assistência Técnica,Incumprimento poderá colocar a empresa em risco,"RH
Programa PHC",Carina Robaina,Samuel Póvoa,Satisfação do Cliente - IOT [Instalação],Valor Médio de Inquérito de Satisfação despoletado no equipamento após instalação de equipamento [despoletado após 100h],100h,%,≥,80%,"80,6%",OK,,,,,,,"80,60%",,,,,
G1,2026,Pós Venda,Melhoria Contínua do Processo de Subcontratação e Assistência Técnica,Incumprimento poderá colocar a empresa em risco,"RH
Programa PHC",Carina Robaina,Samuel Póvoa,Satisfação do Cliente - IOT [Instalação],Valor Médio de Inquérito de Satisfação despoletado no equipamento após instalação de equipamento [despoletado após 100h],100h,%,≥,80%,"84,60%",OK,,,"0,846",,,,,,,,,
G1,2027,Pós Venda,Melhoria Contínua do Processo de Subcontratação e Assistência Técnica,Incumprimento poderá colocar a empresa em risco,"RH
Programa PHC",Carina Robaina,Samuel Póvoa,Satisfação do Cliente - IOT [Instalação],Valor Médio de Inquérito de Satisfação despoletado no equipamento após instalação de equipamento [despoletado após 100h],100h,%,≥,80%,,,,,,,,,,,,,,
G1,2028,Pós Venda,Melhoria Contínua do Processo de Subcontratação e Assistência Técnica,Incumprimento poderá colocar a empresa em risco,"RH
Programa PHC",Carina Robaina,Samuel Póvoa,Satisfação do Cliente - IOT [Assistência técnica prestada (interna/externa)],Valor Médio de Inquérito de Satisfação despoletado no equipamento a cada serviço de manutenção realizado [despoletado a cada 48h],Semestral,%,≥,80%,,,,,,,,,,,,,,
G1,2029,Pós Venda,Melhoria Contínua do Processo de Subcontratação e Assistência Técnica,Incumprimento poderá colocar a empresa em risco,"RH
Programa PHC",Carina Robaina,Samuel Póvoa,Satisfação do Cliente - IOT [Assistência técnica prestada (interna/externa)],Valor Médio de Inquérito de Satisfação despoletado no equipamento a cada serviço de manutenção realizado [despoletado a cada 48h],Semestral,%,≥,80%,,,,,,,,,,,,,,
G2,2024,Pós Venda,Melhoria Contínua do Processo de Subcontratação e Assistência Técnica,Incumprimento poderá colocar a empresa em risco,"RH
Programa PHC",Cândido Veloso,Cândido Veloso,Tempo de Resolução Médio,Análise Mensal (Diferença Média entre Data de Fecho de Pedido e Data de Abertura de pedido),Mensal,Dias,≤,7,21,NOK,"18,5","18,5","18,5",27,32,9,"38,9",31,"12,3",6,"13,73","27,6"
G2,2025,Pós Venda,Melhoria Contínua do Processo de Subcontratação e Assistência Técnica,Incumprimento poderá colocar a empresa em risco,"RH
Programa PHC",Cândido Veloso,Cândido Veloso,Tempo de Resolução Médio,Análise Mensal (Diferença Média entre Data de Fecho de Pedido e Data de Abertura de pedido),Mensal,Dias,≤,7,50,NOK,120,105,74,67,41,14,8,12,11,,,
G2,2026,Pós Venda,Melhoria Contínua do Processo de Subcontratação e Assistência Técnica,Incumprimento poderá colocar a empresa em risco,"RH
Programa PHC",Cândido Veloso,Cândido Veloso,Tempo de Resolução Médio,Análise Mensal (Diferença Média entre Data de Fecho de Pedido e Data de Abertura de pedido),Mensal,Dias,≤,,,,,,,,,,,,,,,
G2,2027,Pós Venda,Melhoria Contínua do Processo de Subcontratação e Assistência Técnica,Incumprimento poderá colocar a empresa em risco,"RH
Programa PHC",Cândido Veloso,Cândido Veloso,Tempo de Resolução Médio,Análise Mensal (Diferença Média entre Data de Fecho de Pedido e Data de Abertura de pedido),Mensal,Dias,≤,,,,,,,,,,,,,,,
G2,2028,Pós Venda,Melhoria Contínua do Processo de Subcontratação e Assistência Técnica,Incumprimento poderá colocar a empresa em risco,"RH
Programa PHC",Cândido Veloso,Cândido Veloso,Tempo de Resolução Médio,Análise Mensal (Diferença Média entre Data de Fecho de Pedido e Data de Abertura de pedido),Mensal,Dias,≤,,,,,,,,,,,,,,,
G2,2029,Pós Venda,Melhoria Contínua do Processo de Subcontratação e Assistência Técnica,Incumprimento poderá colocar a empresa em risco,"RH
Programa PHC",Cândido Veloso,Cândido Veloso,Tempo de Resolução Médio,Análise Mensal (Diferença Média entre Data de Fecho de Pedido e Data de Abertura de pedido),Mensal,Dias,≤,,,,,,,,,,,,,,,
G3,2024,Pós Venda,Melhoria Contínua do Processo de Subcontratação e Assistência Técnica,Incumprimento poderá colocar a empresa em risco,"RH
Programa PHC",Cândido Veloso,Cândido Veloso,N.º Total de Pedidos criados,Análise Mensal (Soma de Todos os Pedidos de Assistência criados no mês corrente),Mensal,Qtd,≤,42,70,NOK,59,57,57,39,37,43,77,65,72,101,134,103
G3,2025,Pós Venda,Melhoria Contínua do Processo de Subcontratação e Assistência Técnica,Incumprimento poderá colocar a empresa em risco,"RH
Programa PHC",Cândido Veloso,Cândido Veloso,N.º Total de Pedidos criados,Análise Mensal (Soma de Todos os Pedidos de Assistência criados no mês corrente),Mensal,Qtd,≤,42,78,NOK,105,80,77,82,74,82,84,41,81,,,
G4,2024,Pós Venda,Melhoria Contínua do Processo de Subcontratação e Assistência Técnica,Incumprimento poderá colocar a empresa em risco,"RH
Programa PHC",Cândido Veloso,Cândido Veloso,N.º Total de Intervenções em Aberto,Análise Mensal (Soma de Todos os Pedidos de Assistência em Aberto),Mensal,Qtd,≤,39,44,NOK,,,56,13,23,20,22,23,36,76,90,84
G4,2025,Pós Venda,Melhoria Contínua do Processo de Subcontratação e Assistência Técnica,Incumprimento poderá colocar a empresa em risco,"RH
Programa PHC",Cândido Veloso,Cândido Veloso,N.º Total de Intervenções em Aberto,Análise Mensal (Soma de Todos os Pedidos de Assistência em Aberto),Mensal,Qtd,≤,39,54,NOK,73,60,52,72,68,63,52,16,29,,,
G4,2026,Pós Venda,Melhoria Contínua do Processo de Subcontratação e Assistência Técnica,Incumprimento poderá colocar a empresa em risco,"RH
Programa PHC",Cândido Veloso,Cândido Veloso,N.º Total de Intervenções em Aberto,Análise Mensal (Soma de Todos os Pedidos de Assistência em Aberto),Mensal,Qtd,≤,,0,OK,,,,,,,,,,,,
G4,2027,Pós Venda,Melhoria Contínua do Processo de Subcontratação e Assistência Técnica,Incumprimento poderá colocar a empresa em risco,"RH
Programa PHC",Cândido Veloso,Cândido Veloso,N.º Total de Intervenções em Aberto,Análise Mensal (Soma de Todos os Pedidos de Assistência em Aberto),Mensal,Qtd,≤,,0,OK,,,,,,,,,,,,
G4,2028,Pós Venda,Melhoria Contínua do Processo de Subcontratação e Assistência Técnica,Incumprimento poderá colocar a empresa em risco,"RH
Programa PHC",Cândido Veloso,Cândido Veloso,N.º Total de Intervenções em Aberto,Análise Mensal (Soma de Todos os Pedidos de Assistência em Aberto),Mensal,Qtd,≤,,0,OK,,,,,,,,,,,,
G4,2029,Pós Venda,Melhoria Contínua do Processo de Subcontratação e Assistência Técnica,Incumprimento poderá colocar a empresa em risco,"RH
Programa PHC",Cândido Veloso,Cândido Veloso,N.º Total de Intervenções em Aberto,Análise Mensal (Soma de Todos os Pedidos de Assistência em Aberto),Mensal,Qtd,≤,,0,OK,,,,,,,,,,,,
G5,2024,Pós Venda,Melhoria Contínua do Processo de Subcontratação e Assistência Técnica,Incumprimento poderá colocar a empresa em risco,"RH
Programa PHC",Carina Robaina,Carina Robaina,Lead Time de Instalação,Análise Mensal (Média da Diferença entre a data de fecho e a data de abertura),Mensal,Dias,≤,22,25,NOK,7,25,13,27,25,44,31,31,24,27,19,25
G5,2025,Pós Venda,Melhoria Contínua do Processo de Subcontratação e Assistência Técnica,Incumprimento poderá colocar a empresa em risco,"RH
Programa PHC",Carina Robaina,Carina Robaina,Lead Time de Instalação,Análise Mensal (Média da Diferença entre a data de fecho e a data de abertura),Mensal,Dias,≤,22,29,NOK,74,36,15,24,13,44,6,34,17,,,
G6,2024,Pós Venda,Melhoria Contínua do Processo de Subcontratação e Assistência Técnica,Incumprimento poderá colocar a empresa em risco,"RH
Programa PHC",Cândido Veloso,Cândido Veloso,Satisfação do cliente - IOT [Serviço Técnico Prestado],Avaliação Qualitativa do último apoio técnico prestado [inquérito despoletado em equipamento MWS],3 em 3 Meses,%,≥,80%,83%,NOK,,,,,,83%,,,,,,
G6,2025,Pós Venda,Melhoria Contínua do Processo de Subcontratação e Assistência Técnica,Incumprimento poderá colocar a empresa em risco,"RH
Programa PHC",Cândido Veloso,Samuel Póvoa,Satisfação do cliente - IOT [Serviço Técnico Prestado],Avaliação Qualitativa do último apoio técnico prestado [inquérito despoletado em equipamento MWS],4 em 4 Meses,%,≥,80%,"80,2%",OK,,,,,,,"80,20%",,,,,
G6,2027,Pós Venda,Melhoria Contínua do Processo de Subcontratação e Assistência Técnica,Incumprimento poderá colocar a empresa em risco,"RH
Programa PHC",Cândido Veloso,Cândido Veloso,Satisfação do cliente - IOT [Serviço Técnico Prestado],Avaliação Qualitativa do apoio técnico prestado [inquérito despoletado em equipamento MWS],4 em 4 Meses,%,≥,80%,,,,,,,,,,,,,,
G6,2028,Pós Venda,Melhoria Contínua do Processo de Subcontratação e Assistência Técnica,Incumprimento poderá colocar a empresa em risco,"RH
Programa PHC",Cândido Veloso,Cândido Veloso,Satisfação do cliente - IOT [Serviço Técnico Prestado],Avaliação Qualitativa do apoio técnico prestado [inquérito despoletado em equipamento MWS],4 em 4 Meses,%,≥,80%,,,,,,,,,,,,,,
G6,2026,Pós Venda,Melhoria Contínua do Processo de Subcontratação e Assistência Técnica,Incumprimento poderá colocar a empresa em risco,"RH
Programa PHC",Cândido Veloso,Cândido Veloso,Satisfação do cliente - IOT [Serviço Técnico Prestado],Avaliação Qualitativa do apoio técnico prestado [inquérito despoletado em equipamento MWS],4 em 4 Meses,%,≥,80%,"80,00%",OK,,,80%,,,,,,,,,
G6,2024,Pós Venda,Melhoria Contínua do Processo de Subcontratação e Assistência Técnica,Incumprimento poderá colocar a empresa em risco,"RH
Programa PHC",Cândido Veloso,Tiago Oliveira,Satisfação do Cliente - IOT [Satisfação Equipamento],Avaliação Qualitativa Operacional de MWS [inquérito despoletado em equipamento MWS] (*freq. pode ser personalizado na consola),60 em 60 Lavagens*,%,≥,80%,,,,,,,,,,,,,,
G7,2025,Pós Venda,Melhoria Contínua do Processo de Subcontratação e Assistência Técnica,Incumprimento poderá colocar a empresa em risco,"RH
Programa PHC",Cândido Veloso,Samuel Póvoa,Satisfação do Cliente - IOT [Satisfação Equipamento],Avaliação Qualitativa Operacional de MWS [inquérito despoletado em equipamento MWS] (*freq. pode ser personalizado na consola),60 em 60 Lavagens*,%,≥,80%,"91,0%",OK,,,91%,,,,,,,,,
G7,2027,Pós Venda,Melhoria Contínua do Processo de Subcontratação e Assistência Técnica,Incumprimento poderá colocar a empresa em risco,"RH
Programa PHC",Cândido Veloso,Tiago Oliveira,Satisfação do Cliente - IOT [Satisfação Equipamento],Avaliação Qualitativa Operacional de MWS [inquérito despoletado em equipamento MWS],60 em 60 Lavagens,%,≥,80%,,,,,,,,,,,,,,
G7,2028,Pós Venda,Melhoria Contínua do Processo de Subcontratação e Assistência Técnica,Incumprimento poderá colocar a empresa em risco,"RH
Programa PHC",Cândido Veloso,Tiago Oliveira,Satisfação do Cliente - IOT [Satisfação Equipamento],Avaliação Qualitativa Operacional de MWS [inquérito despoletado em equipamento MWS],60 em 60 Lavagens,%,≥,80%,,,,,,,,,,,,,,
G7,2026,Pós Venda,Melhoria Contínua do Processo de Subcontratação e Assistência Técnica,Incumprimento poderá colocar a empresa em risco,"RH
Programa PHC",Cândido Veloso,Tiago Oliveira,Satisfação do Cliente - IOT [Satisfação Equipamento],Avaliação Qualitativa Operacional de MWS [inquérito despoletado em equipamento MWS] (*freq. pode ser personalizado na consola),60 em 60 Lavagens*,%,≥,80%,"90,00%",OK,,,90%,,,,,,,,,